Marine Electricals (India) Limited,MARINE
Manaksia Coated Metals & Industries Limited,MANAKCOAT
Trigyn Technologies Limited,TRIGYN
Panacea Biotec Limited,PANACEABIO
Hindusthan National Glass & Industries Limited,HINDNATGLS
KCP Sugar and Industries Corporation Limited,KCPSUGIND
Kirloskar Oil Engines Limited,KIRLOSENG
GKW Limited,GKWLIMITED
Khaitan Chemicals & Fertilizers Limited,KHAICHEM
DJ Mediaprint & Logistics Limited,DJML
Synergy Green Industries Limited,SGIL
Baid Finserv Limited,BAIDFIN
Bartronics India Limited,ASMS
Alembic Pharmaceuticals Limited,APLLTD
Indo Count Industries Limited,ICIL
NCC Limited,NCC
Apollo Tyres Limited,APOLLOTYRE
Eicher Motors Limited,EICHERMOT
ICDS Limited,ICDSLTD
Stove Kraft Limited,STOVEKRAFT
Chennai Petroleum Corporation Limited,CHENNPETRO
T T Limited,TTL
Nitco Limited,NITCO
WE WIN LIMITED,WEWIN
V2 Retail Limited,V2RETAIL
Aditya Birla Fashion and Retail Limited,ABFRL
Steel Authority of India Limited,SAIL
Welspun Corp Limited,WELCORP
Naga Dhunseri Group Limited,NDGL
Quick Heal Technologies Limited,QUICKHEAL
Arcotech Limited,ARCOTECH
The Peria Karamalai Tea & Produce Company Limited,PKTEA
Kapston Services Limited,KAPSTON
JM Financial Limited,JMFINANCIL
Eros International Media Limited,EROSMEDIA
Wonderla Holidays Limited,WONDERLA
Gujarat Gas Limited,GUJGASLTD
Triveni Turbine Limited,TRITURBINE
JHS Svendgaard Laboratories Limited,JHS
Raj Rayon Industries Limited,RAJRILTD
IDFC Limited,IDFC
Shemaroo Entertainment Limited,SHEMAROO
Shanti Overseas (India) Limited,SHANTI
Seshasayee Paper and Boards Limited,SESHAPAPER
Rane (Madras) Limited,RML
Tarapur Transformers Limited,TARAPUR
Tube Investments of India Limited,TIINDIA
UltraTech Cement Limited,ULTRACEMCO
Magadh Sugar & Energy Limited,MAGADSUGAR
TARC Limited,TARC
Carborundum Universal Limited,CARBORUNIV
DC Infotech and Communication Limited,DCI
Educomp Solutions Limited,EDUCOMP
Suven Pharmaceuticals Limited,SUVENPHAR
Emami Paper Mills Limited,EMAMIPAP
Kriti Nutrients Limited,KRITINUT
Kamdhenu Limited,KAMDHENU
Go Fashion (India) Limited,GOCOLORS
Jindal Poly Films Limited,JINDALPOLY
Happiest Minds Technologies Limited,HAPPSTMNDS
Tilaknagar Industries Limited,TI
GeeCee Ventures Limited,GEECEE
Blue Star Limited,BLUESTARCO
Aether Industries Limited,AETHER
Keynote Financial Services Limited,KEYFINSERV
Kilitch Drugs (India) Limited,KILITCH
Railtel Corporation Of India Limited,RAILTEL
Kavveri Telecom Products Limited,KAVVERITEL
Nelcast Limited,NELCAST
Reliance Capital Limited,RELCAPITAL
Marshall Machines Limited,MARSHALL
Bcl Industries Limited,BCLIND
Vardhman Polytex Limited,VARDMNPOLY
Suryoday Small Finance Bank Limited,SURYODAY
Zenith Exports Limited,ZENITHEXPO
Skipper Limited,SKIPPER
Crest Ventures Limited,CREST
Vaishali Pharma Limited,VAISHALI
Vaibhav Global Limited,VAIBHAVGBL
DLF Limited,DLF
Asian Energy Services Limited,ASIANENE
Indbank Merchant Banking Services Limited,INDBANK
Reliance Industrial Infrastructure Limited,RIIL
Sundaram Finance Holdings Limited,SUNDARMHLD
The Grob Tea Company Limited,GROBTEA
Shakti Pumps (India) Limited,SHAKTIPUMP
Par Drugs and Chemicals Limited,PAR
MIC Electronics Limited,MICEL
Mold-Tek Packaging Limited,MOLDTKPAC
Sandhar Technologies Limited,SANDHAR
Intellect Design Arena Limited,INTELLECT
Landmark Cars Limited,LANDMARK
Laurus Labs Limited,LAURUSLABS
Viji Finance Limited,VIJIFIN
Yes Bank Limited,YESBANK
Graphite India Limited,GRAPHITE
S.J.S. Enterprises Limited,SJS
Tribhovandas Bhimji Zaveri Limited,TBZ
Bhandari Hosiery Exports Limited,BHANDARI
Uniphos Enterprises Limited,UNIENTER
Indian Railway Finance Corporation Limited,IRFC
Praj Industries Limited,PRAJIND
Dhampur Sugar Mills Limited,DHAMPURSUG
Raj Oil Mills Limited,ROML
PNC Infratech Limited,PNCINFRA
IDBI Bank Limited,IDBI
Shreyas Shipping & Logistics Limited,SHREYAS
Hinduja Global Solutions Limited,HGS
Stylam Industries Limited,STYLAMIND
Panama Petrochem Limited,PANAMAPET
Anik Industries Limited,ANIKINDS
Jay Bharat Maruti Limited,JAYBARMARU
Global Health Limited,MEDANTA
Mohit Industries Limited,MOHITIND
Kohinoor Foods Limited,KOHINOOR
AVT Natural Products Limited,AVTNPL
B&B Triplewall Containers Limited,BBTCL
IPCA Laboratories Limited,IPCALAB
Gokul Refoils and Solvent Limited,GOKUL
India Motor Parts and Accessories Limited,IMPAL
Dhunseri Ventures Limited,DVL
TREJHARA SOLUTIONS LIMITED,TREJHARA
Andhra Cements Limited,ANDHRACEMT
International Conveyors Limited,INTLCONV
The India Cements Limited,INDIACEM
Canara Bank,CANBK
Confidence Petroleum India Limited,CONFIPET
Ramkrishna Forgings Limited,RKFORGE
California Software Company Limited,CALSOFT
Zee Learn Limited,ZEELEARN
ZF Commercial Vehicle Control Systems India Limited,ZFCVINDIA
Aptus Value Housing Finance India Limited,APTUS
GAIL (India) Limited,GAIL
Nandan Denim Limited,NDL
United Spirits Limited,MCDOWELL-N
GB Global Limited,GBGLOBAL
Bharat Dynamics Limited,BDL
B.A.G Films and Media Limited,BAGFILMS
Mukta Arts Limited,MUKTAARTS
Raj Television Network Limited,RAJTV
The Karnataka Bank Limited,KTKBANK
Vidhi Specialty Food Ingredients Limited,VIDHIING
Coffee Day Enterprises Limited,COFFEEDAY
Williamson Magor & Company Limited,WILLAMAGOR
Texmaco Rail & Engineering Limited,TEXRAIL
The Motor & General Finance Limited,MOTOGENFIN
Themis Medicare Limited,THEMISMED
Century Enka Limited,CENTENKA
Tata Motors Limited,TATAMTRDVR
RPG Life Sciences Limited,RPGLIFE
Wanbury Limited,WANBURY
BF Utilities Limited,BFUTILITIE
Marico Limited,MARICO
Pearl Global Industries Limited,PGIL
Sadbhav Engineering Limited,SADBHAV
Greenpanel Industries Limited,GREENPANEL
Dharmaj Crop Guard Limited,DHARMAJ
Uma Exports Limited,UMAEXPORTS
Mangalam Drugs And Organics Limited,MANGALAM
Edelweiss Financial Services Limited,EDELWEISS
Bharat Wire Ropes Limited,BHARATWIRE
LLOYDS ENGINEERING WORKS LIMITED,LLOYDSENGG
The Investment Trust Of India Limited,THEINVEST
Tanla Platforms Limited,TANLA
Art Nirman Limited,ARTNIRMAN
Equitas Small Finance Bank Limited,EQUITASBNK
Rashtriya Chemicals and Fertilizers Limited,RCF
eMudhra Limited,EMUDHRA
Crown Lifters Limited,CROWN
Chemcon Speciality Chemicals Limited,CHEMCON
BLS International Services Limited,BLS
BF Investment Limited,BFINVEST
Premier Explosives Limited,PREMEXPLN
VRL Logistics Limited,VRLLOG
Advanced Enzyme Technologies Limited,ADVENZYMES
Tamilnadu Telecommunication Limited,TNTELE
The Andhra Sugars Limited,ANDHRSUGAR
Avadh Sugar & Energy Limited,AVADHSUGAR
Univastu India Limited,UNIVASTU
Shirpur Gold Refinery Limited,SHIRPUR-G
Maha Rashtra Apex Corporation Limited,MAHAPEXLTD
TCI Express Limited,TCIEXP
Indiabulls Real Estate Limited,IBREALEST
Kfin Technologies Limited,KFINTECH
SECUREKLOUD TECHNOLOGIES LIMITED,SECURKLOUD
TV Vision Limited,TVVISION
Aries Agro Limited,ARIES
Ice Make Refrigeration Limited,ICEMAKE
Muthoot Finance Limited,MUTHOOTFIN
N. B. I. Industrial Finance Company Limited,NBIFIN
Gujarat State Fertilizers & Chemicals Limited,GSFC
Nitiraj Engineers Limited,NITIRAJ
Samvardhana Motherson International Limited,MOTHERSON
Sumeet Industries Limited,SUMEETINDS
Anjani Portland Cement Limited,APCL
Orient Press Limited,ORIENTLTD
AGI Greenpac Limited,AGI
Sharda Cropchem Limited,SHARDACROP
Gillette India Limited,GILLETTE
GIC Housing Finance Limited,GICHSGFIN
SJVN Limited,SJVN
Jet Freight Logistics Limited,JETFREIGHT
Debock Industries Limited,DIL
HEG Limited,HEG
Hi-Tech Pipes Limited,HITECH
IndusInd Bank Limited,INDUSINDBK
The Orissa Minerals Development Company Limited,ORISSAMINE
Bajaj Finserv Limited,BAJAJFINSV
Godfrey Phillips India Limited,GODFRYPHLP
Chalet Hotels Limited,CHALET
Control Print Limited,CONTROLPR
Banaras Beads Limited,BANARBEADS
Damodar Industries Limited,DAMODARIND
Ujaas Energy Limited,UJAAS
Mercator Limited,MERCATOR
Pansari Developers Limited,PANSARI
Indian Railway Catering And Tourism Corporation Limited,IRCTC
Jindal Worldwide Limited,JINDWORLD
Wipro Limited,WIPRO
Avonmore Capital & Management Services Limited,AVONMORE
LTIMindtree Limited,LTIM
Shoppers Stop Limited,SHOPERSTOP
Vinyl Chemicals (India) Limited,VINYLINDIA
Archean Chemical Industries Limited,ACI
GP Petroleums Limited,GULFPETRO
Dalmia Bharat Limited,DALBHARAT
Manappuram Finance Limited,MANAPPURAM
New Delhi Television Limited,NDTV
Shivam Autotech Limited,SHIVAMAUTO
Sarla Performance Fibers Limited,SARLAPOLY
Dynacons Systems & Solutions Limited,DSSL
North Eastern Carrying Corporation Limited,NECCLTD
Welspun Investments and Commercials Limited,WELINV
Mold-Tek Technologies Limited,MOLDTECH
DCX Systems Limited,DCXINDIA
Asian Granito India Limited,ASIANTILES
Asian Hotels (East) Limited,AHLEAST
SVP GLOBAL TEXTILES LIMITED,SVPGLOB
United Breweries Limited,UBL
Malu Paper Mills Limited,MALUPAPER
Airo Lam limited,AIROLAM
Karma Energy Limited,KARMAENG
Elin Electronics Limited,ELIN
Hindware Home Innovation Limited,HINDWAREAP
Precot Limited,PRECOT
Hindalco Industries Limited,HINDALCO
Godrej Industries Limited,GODREJIND
Honeywell Automation India Limited,HONAUT
Libas Consumer Products Limited,LIBAS
Centrum Capital Limited,CENTRUM
Orient Electric Limited,ORIENTELEC
Lakshmi Finance & Industrial Corporation Limited,LFIC
Nila Infrastructures Limited,NILAINFRA
Akg Exim Limited,AKG
Agro Phos India Limited,AGROPHOS
Supreme Infrastructure India Limited,SUPREMEINF
AIA Engineering Limited,AIAENG
Thangamayil Jewellery Limited,THANGAMAYL
GMM Pfaudler Limited,GMMPFAUDLR
Generic Engineering Construction and Projects Limited,GENCON
Bajaj Consumer Care Limited,BAJAJCON
Godrej Agrovet Limited,GODREJAGRO
Greaves Cotton Limited,GREAVESCOT
E2E Networks Limited,E2E
Sundaram Multi Pap Limited,SUNDARAM
NK Industries Limited,NKIND
Goa Carbon Limited,GOACARBON
Max Financial Services Limited,MFSL
Coastal Corporation Limited,COASTCORP
Seamec Limited,SEAMECLTD
Gayatri Highways Limited,GAYAHWS
Maan Aluminium Limited,MAANALU
Infosys Limited,INFY
Wockhardt Limited,WOCKPHARMA
Satia Industries Limited,SATIA
Vineet Laboratories Limited,VINEETLAB
Castrol India Limited,CASTROLIND
21st Century Management Services Limited,21STCENMGM
Adani Total Gas Limited,ATGL
IMP Powers Limited,INDLMETER
Hitech Corporation Limited,HITECHCORP
Tata Consultancy Services Limited,TCS
Vadilal Industries Limited,VADILALIND
Tata Elxsi Limited,TATAELXSI
Soma Textiles & Industries Limited,SOMATEX
Vardhman Acrylics Limited,VARDHACRLC
Lexus Granito (India) Limited,LEXUS
Grasim Industries Limited,GRASIM
Ravi Kumar Distilleries Limited,RKDL
MMTC Limited,MMTC
Almondz Global Securities Limited,ALMONDZ
BASF India Limited,BASF
Swelect Energy Systems Limited,SWELECTES
Inox Wind Energy Limited,IWEL
Maral Overseas Limited,MARALOVER
Paisalo Digital Limited,PAISALO
Mangalore Chemicals & Fertilizers Limited,MANGCHEFER
Schneider Electric Infrastructure Limited,SCHNEIDER
Bliss GVS Pharma Limited,BLISSGVS
National Fertilizers Limited,NFL
LCC Infotech Limited,LCCINFOTEC
NAVA LIMITED,NAVA
AVRO INDIA LIMITED,AVROIND
ICICI Bank Limited,ICICIBANK
Mcnally Bharat Engineering Company Limited,MBECL
Orbit Exports Limited,ORBTEXP
HDFC Asset Management Company Limited,HDFCAMC
Bhagyanagar India Limited,BHAGYANGR
DEEP ENERGY RESOURCES LIMITED,DEEPENR
Prakash Steelage Limited,PRAKASHSTL
The Anup Engineering Limited,ANUP
Prozone Realty Limited,PROZONER
Virinchi Limited,VIRINCHI
Orient Cement Limited,ORIENTCEM
Uniparts India Limited,UNIPARTS
Shah Alloys Limited,SHAHALLOYS
Sukhjit Starch & Chemicals Limited,SUKHJITS
Reliance Power Limited,RPOWER
Adroit Infotech Limited,ADROITINFO
Palred Technologies Limited,PALREDTEC
IndoStar Capital Finance Limited,INDOSTAR
Cartrade Tech Limited,CARTRADE
Liberty Shoes Limited,LIBERTSHOE
Religare Enterprises Limited,RELIGARE
Donear Industries Limited,DONEAR
Wendt (India) Limited,WENDT
Avenue Supermarts Limited,DMART
MM Forgings Limited,MMFL
Cineline India Limited,CINELINE
Hariom Pipe Industries Limited,HARIOMPIPE
Jullundur Motor Agency (Delhi) Limited,JMA
Jubilant Ingrevia Limited,JUBLINGREA
Symphony Limited,SYMPHONY
Nippon Life India Asset Management Limited,NAM-INDIA
Inox Green Energy Services Limited,INOXGREEN
Transport Corporation of India Limited,TCI
63 moons technologies limited,63MOONS
TPL Plastech Limited,TPLPLASTEH
Sona BLW Precision Forgings Limited,SONACOMS
Dynamic Cables Limited,DYCL
K.M.Sugar Mills Limited,KMSUGAR
MITCON Consultancy & Engineering Services Limited,MITCON
Star Cement Limited,STARCEMENT
Rajnandini Metal Limited,RAJMET
LG Balakrishnan & Bros Limited,LGBBROSLTD
Vijaya Diagnostic Centre Limited,VIJAYA
Sula Vineyards Limited,SULA
TVS Motor Company Limited,TVSMOTOR
Lincoln Pharmaceuticals Limited,LINCOLN
Jai Corp Limited,JAICORPLTD
Shree Rama Multi-Tech Limited,SHREERAMA
Indus Towers Limited,INDUSTOWER
AU Small Finance Bank Limited,AUBANK
Sky Gold Limited,SKYGOLD
Shilpa Medicare Limited,SHILPAMED
Paras Petrofils Limited,PARASPETRO
Lumax Industries Limited,LUMAXIND
Jamna Auto Industries Limited,JAMNAAUTO
Manugraph India Limited,MANUGRAPH
Fairchem Organics Limited,FAIRCHEMOR
Choice International Limited,CHOICEIN
Jyoti Structures Limited,JYOTISTRUC
Schaeffler India Limited,SCHAEFFLER
Bigbloc Construction Limited,BIGBLOC
Bank of Baroda,BANKBARODA
Hester Biosciences Limited,HESTERBIO
Adani Energy Solutions Limited,ADANIENSOL
Windlas Biotech Limited,WINDLAS
HEC Infra Projects Limited,HECPROJECT
DB (International) Stock Brokers Limited,DBSTOCKBRO
Onelife Capital Advisors Limited,ONELIFECAP
GRM Overseas Limited,GRMOVER
Pricol Limited,PRICOLLTD
Nahar Poly Films Limited,NAHARPOLY
Goldiam International Limited,GOLDIAM
W S Industries (I) Limited,WSI
Balaji Amines Limited,BALAMINES
Sakthi Sugars Limited,SAKHTISUG
The Hi-Tech Gears Limited,HITECHGEAR
Torrent Pharmaceuticals Limited,TORNTPHARM
Zee Entertainment Enterprises Limited,ZEEL
Glenmark Pharmaceuticals Limited,GLENMARK
IL&FS Investment Managers Limited,IVC
Visa Steel Limited,VISASTEEL
GVK Power & Infrastructure Limited,GVKPIL
Venus Remedies Limited,VENUSREM
Standard Industries Limited,SIL
NCL Industries Limited,NCLIND
CCL Products (India) Limited,CCL
Olectra Greentech Limited,OLECTRA
Paramount Communications Limited,PARACABLES
Patel Integrated Logistics Limited,PATINTLOG
Dhruv Consultancy Services Limited,DHRUV
Wheels India Limited,WHEELS
Akash Infra Projects Limited,AKASH
MIRC Electronics Limited,MIRCELECTR
Goyal Aluminiums Limited,GOYALALUM
HFCL Limited,HFCL
Sun Pharmaceutical Industries Limited,SUNPHARMA
Excel Industries Limited,EXCELINDUS
Indiabulls Enterprises Limited,IEL
NHPC Limited,NHPC
Celebrity Fashions Limited,CELEBRITY
PPAP Automotive Limited,PPAP
Mangalam Cement Limited,MANGLMCEM
Megastar Foods Limited,MEGASTAR
Cummins India Limited,CUMMINSIND
Sagardeep Alloys Limited,SAGARDEEP
Everest Industries Limited,EVERESTIND
APL Apollo Tubes Limited,APLAPOLLO
Krebs Biochemicals and Industries Limited,KREBSBIO
Krishna Institute of Medical Sciences Limited,KIMS
Omax Autos Limited,OMAXAUTO
Banco Products (I) Limited,BANCOINDIA
Clean Science and Technology Limited,CLEAN
Sumit Woods Limited,SUMIT
Zomato Limited,ZOMATO
Pidilite Industries Limited,PIDILITIND
Veto Switchgears And Cables Limited,VETO
Marathon Nextgen Realty Limited,MARATHON
Ravinder Heights Limited,RVHL
Dollar Industries Limited,DOLLAR
Kalyani Commercials Limited,KALYANI
Kalyani Investment Company Limited,KICL
Sudarshan Chemical Industries Limited,SUDARSCHEM
ITI Limited,ITI
Hindustan Zinc Limited,HINDZINC
Ami Organics Limited,AMIORG
Container Corporation of India Limited,CONCOR
Hathway Cable & Datacom Limited,HATHWAY
Styrenix Performance Materials Limited,STYRENIX
Alankit Limited,ALANKIT
MphasiS Limited,MPHASIS
Websol Energy System Limited,WEBELSOLAR
Adani Green Energy Limited,ADANIGREEN
Nucleus Software Exports Limited,NUCLEUS
The Ruby Mills Limited,RUBYMILLS
Jocil Limited,JOCIL
Regency Ceramics Limited,REGENCERAM
Fedders Electric and Engineering Limited,FEDDERELEC
Uniinfo Telecom Services Limited,UNIINFO
GHCL Limited,GHCL
JSW Energy Limited,JSWENERGY
Torrent Power Limited,TORNTPOWER
Future Consumer Limited,FCONSUMER
Tejas Networks Limited,TEJASNET
KBC Global Limited,KBCGLOBAL
Hindustan Media Ventures Limited,HMVL
Kernex Microsystems (India) Limited,KERNEX
Bhagiradha Chemicals & Industries Limited,BHAGCHEM
Future Market Networks Limited,FMNL
Pennar Industries Limited,PENIND
Polyplex Corporation Limited,POLYPLEX
Marksans Pharma Limited,MARKSANS
Balkrishna Industries Limited,BALKRISIND
Madhav Marbles and Granites Limited,MADHAV
Jayshree Tea & Industries Limited,JAYSREETEA
Mirza International Limited,MIRZAINT
Sab Events & Governance Now Media Limited,SABEVENTS
Hindustan Petroleum Corporation Limited,HINDPETRO
Bedmutha Industries Limited,BEDMUTHA
Shivalik Bimetal Controls Limited,SBCL
Tamilnadu PetroProducts Limited,TNPETRO
Oriental Aromatics Limited,OAL
Urja Global Limited,URJA
UFLEX Limited,UFLEX
Jai Balaji Industries Limited,JAIBALAJI
IG Petrochemicals Limited,IGPL
Bharat Electronics Limited,BEL
Zodiac Energy Limited,ZODIAC
Solar Industries India Limited,SOLARINDS
Pressman Advertising Limited,PRESSMN
NLC India Limited,NLCINDIA
Dodla Dairy Limited,DODLA
Reliance Communications Limited,RCOM
Camlin Fine Sciences Limited,CAMLINFINE
Kridhan Infra Limited,KRIDHANINF
Chembond Chemicals Ltd,CHEMBOND
Heritage Foods Limited,HERITGFOOD
Quess Corp Limited,QUESS
Vinati Organics Limited,VINATIORGA
Ajanta Pharma Limited,AJANTPHARM
Lovable Lingerie Limited,LOVABLE
Aarvi Encon Limited,AARVI
BLB Limited,BLBLIMITED
Oswal Agro Mills Limited,OSWALAGRO
Emami Realty Limited,EMAMIREAL
Bharatiya Global Infomedia Limited,BGLOBAL
JK Lakshmi Cement Limited,JKLAKSHMI
Touchwood Entertainment Limited,TOUCHWOOD
Shyam Metalics and Energy Limited,SHYAMMETL
Kanpur Plastipack Limited,KANPRPLA
Aban Offshore Limited,ABAN
Medplus Health Services Limited,MEDPLUS
Accuracy Shipping Limited,ACCURACY
ACC Limited,ACC
Bata India Limited,BATAINDIA
Amrutanjan Health Care Limited,AMRUTANJAN
Dixon Technologies (India) Limited,DIXON
Everest Kanto Cylinder Limited,EKC
Ortin Laboratories Limited,ORTINLAB
Aaron Industries Limited,AARON
Reliance Home Finance Limited,RHFL
Entertainment Network (India) Limited,ENIL
Zenith Steel Pipes & Industries Limited,ZENITHSTL
Shree Rama Newsprint Limited,RAMANEWS
Nahar Capital and Financial Services Limited,NAHARCAP
TECIL Chemicals and Hydro Power Limited,TECILCHEM
InfoBeans Technologies Limited,INFOBEAN
DiGiSPICE Technologies Limited,DIGISPICE
Bharat Petroleum Corporation Limited,BPCL
Kanoria Chemicals & Industries Limited,KANORICHEM
Tree House Education & Accessories Limited,TREEHOUSE
Kajaria Ceramics Limited,KAJARIACER
Oswal Greentech Limited,OSWALGREEN
PNB Housing Finance Limited,PNBHOUSING
Onward Technologies Limited,ONWARDTEC
HPL Electric & Power Limited,HPL
Reliance Infrastructure Limited,RELINFRA
KPIT Technologies Limited,KPITTECH
Sundaram Brake Linings Limited,SUNDRMBRAK
Consolidated Construction Consortium Limited,CCCL
Radiant Cash Management Services Limited,RADIANTCMS
Astron Paper & Board Mill Limited,ASTRON
Deep Industries Limited,DEEPINDS
TATA CONSUMER PRODUCTS LIMITED,TATACONSUM
DCM Nouvelle Limited,DCMNVL
Angel One Limited,ANGELONE
Indian Oil Corporation Limited,IOC
Saksoft Limited,SAKSOFT
JITF Infralogistics Limited,JITFINFRA
Rajshree Polypack Limited,RPPL
Radaan Mediaworks India Limited,RADAAN
Vishwaraj Sugar Industries Limited,VISHWARAJ
Hilton Metal Forging Limited,HILTON
Nagarjuna Fertilizers and Chemicals Limited,NAGAFERT
Himatsingka Seide Limited,HIMATSEIDE
Silly Monks Entertainment Limited,SILLYMONKS
Galaxy Surfactants Limited,GALAXYSURF
Nahar Industrial Enterprises Limited,NAHARINDUS
Jaiprakash Associates Limited,JPASSOCIAT
Orient Paper & Industries Limited,ORIENTPPR
Saregama India Limited,SAREGAMA
Aarti Surfactants Limited,AARTISURF
V-Mart Retail Limited,VMART
MBL Infrastructure Limited,MBLINFRA
Syncom Formulations (India) Limited,SYNCOMF
CEAT Limited,CEATLTD
Jindal Steel & Power Limited,JINDALSTEL
CRISIL Limited,CRISIL
BGR Energy Systems Limited,BGRENERGY
Atam Valves Limited,ATAM
KEI Industries Limited,KEI
Chemfab Alkalis Limited,CHEMFAB
HCL Technologies Limited,HCLTECH
Share India Securities Limited,SHAREINDIA
Dr. Reddy's Laboratories Limited,DRREDDY
JSW Steel Limited,JSWSTEEL
Zodiac Clothing Company Limited,ZODIACLOTH
Tata Coffee Limited,TATACOFFEE
Shree Digvijay Cement Co.Ltd,SHREDIGCEM
Elgi Rubber Company Limited,ELGIRUBCO
Winsome Yarns Limited,WINSOME
Pasupati Acrylon Limited,PASUPTAC
TCPL Packaging Limited,TCPLPACK
Tega Industries Limited,TEGA
Meghmani Organics Limited,MOL
The United Nilgiri Tea Estates Company Limited,UNITEDTEA
Aurionpro Solutions Limited,AURIONPRO
Motherson Sumi Wiring India Limited,MSUMI
Tata Metaliks Limited,TATAMETALI
Ginni Filaments Limited,GINNIFILA
Archies Limited,ARCHIES
Pondy Oxides & Chemicals Limited,POCL
S Chand And Company Limited,SCHAND
Ramky Infrastructure Limited,RAMKY
Sterling Tools Limited,STERTOOLS
Signet Industries Limited,SIGIND
DQ Entertainment (International) Limited,DQE
Sikko Industries Limited,SIKKO
IOL Chemicals and Pharmaceuticals Limited,IOLCP
Lasa Supergenerics Limited,LASA
Paras Defence and Space Technologies Limited,PARAS
Aavas Financiers Limited,AAVAS
Steelcast Limited,STEELCAS
Diamond Power Infra Ltd,DIAPOWER
INCREDIBLE INDUSTRIES LIMITED,INCREDIBLE
Lyka Labs Limited,LYKALABS
Apollo Micro Systems Limited,APOLLO
Matrimony.Com Limited,MATRIMONY
Mazagon Dock Shipbuilders Limited,MAZDOCK
Kuantum Papers Limited,KUANTUM
UFO Moviez India Limited,UFO
Ajooni Biotech Limited,AJOONI
AGS Transact Technologies Limited,AGSTRA
TIPS Industries Limited,TIPSINDLTD
Allied Digital Services Limited,ADSL
Aakash Exploration Services Limited,AAKASH
Khandwala Securities Limited,KHANDSE
Dwarikesh Sugar Industries Limited,DWARKESH
Alok Industries Limited,ALOKINDS
Ashok Leyland Limited,ASHOKLEY
Hindprakash Industries Limited,HPIL
Piramal Enterprises Limited,PEL
The Ramco Cements Limited,RAMCOCEM
Gujarat Lease Financing Limited,GLFL
Kellton Tech Solutions Limited,KELLTONTEC
Next Mediaworks Limited,NEXTMEDIA
Indian Terrain Fashions Limited,INDTERRAIN
Sanginita Chemicals Limited,SANGINITA
Sharda Motor Industries Limited,SHARDAMOTR
Prudential Sugar Corporation Limited,PRUDMOULI
Vaswani Industries Limited,VASWANI
Shivalik Rasayan Limited,SHIVALIK
Bal Pharma Limited,BALPHARMA
Larsen & Toubro Limited,LT
NMDC Steel Limited,NSLNISP
Metro Brands Limited,METROBRAND
Timken India Limited,TIMKEN
Latteys Industries Limited,LATTEYS
Smartlink Holdings Limited,SMARTLINK
Rudrabhishek Enterprises Limited,REPL
Krsnaa Diagnostics Limited,KRSNAA
Aarvee Denims & Exports Limited,AARVEEDEN
The Indian Hotels Company Limited,INDHOTEL
Diligent Media Corporation Limited,DNAMEDIA
Mrs. Bectors Food Specialities Limited,BECTORFOOD
Orient Green Power Company Limited,GREENPOWER
Thyrocare Technologies Limited,THYROCARE
NMDC Limited,NMDC
Integra Essentia Limited,ESSENTIA
Siyaram Silk Mills Limited,SIYSIL
Umang Dairies Limited,UMANGDAIRY
Sobha Limited,SOBHA
Heads UP Ventures Limited,HEADSUP
Palash Securities Limited,PALASHSECU
Jindal Photo Limited,JINDALPHOT
Federal-Mogul Goetze (India) Limited.,FMGOETZE
Alkali Metals Limited,ALKALI
Indian Overseas Bank,IOB
Radico Khaitan Limited,RADICO
Persistent Systems Limited,PERSISTENT
Tata Investment Corporation Limited,TATAINVEST
BSE Limited,BSE
Indian Hume Pipe Company Limited,INDIANHUME
Jindal Drilling And Industries Limited,JINDRILL
Safari Industries (India) Limited,SAFARI
Vakrangee Limited,VAKRANGEE
Rajesh Exports Limited,RAJESHEXPO
Prajay Engineers Syndicate Limited,PRAENG
Salasar Techno Engineering Limited,SALASAR
Rushil Decor Limited,RUSHIL
Techindia Nirman Limited,TECHIN
Nandani Creation Limited,JAIPURKURT
Hybrid Financial Services Limited,HYBRIDFIN
Mindteck (India) Limited,MINDTECK
Latent View Analytics Limited,LATENTVIEW
Vedant Fashions Limited,MANYAVAR
Tirupati Forge Limited,TIRUPATIFL
Jyothy Labs Limited,JYOTHYLAB
Gangotri Textiles Limited,GANGOTRI
Harrisons  Malayalam Limited,HARRMALAYA
Landmark Property Development Company Limited,LPDC
Technocraft Industries (India) Limited,TIIL
Bhartiya International Limited,BIL
Dhunseri Investments Limited,DHUNINV
Max India Limited,MAXIND
Industrial Investment Trust Limited,IITL
Hindustan Unilever Limited,HINDUNILVR
Shah Metacorp Limited,SHAH
GTL Infrastructure Limited,GTLINFRA
Capital Trust Limited,CAPTRUST
Xpro India Limited,XPROINDIA
Vodafone Idea Limited,IDEA
Adani Power Limited,ADANIPOWER
Venky's (India) Limited,VENKEYS
Suprajit Engineering Limited,SUPRAJIT
Dishman Carbogen Amcis Limited,DCAL
Aarti Drugs Limited,AARTIDRUGS
Euro India Fresh Foods Limited,EIFFL
Indian Energy Exchange Limited,IEX
Maruti Suzuki India Limited,MARUTI
Electrosteel Castings Limited,ELECTCAST
Delta Corp Limited,DELTACORP
Bhageria Industries Limited,BHAGERIA
RSWM Limited,RSWM
Shalimar Paints Limited,SHALPAINTS
Atul Limited,ATUL
Supriya Lifescience Limited,SUPRIYA
TCI Finance Limited,TCIFINANCE
Veranda Learning Solutions Limited,VERANDA
Valecha Engineering Limited,VALECHAENG
Precision Camshafts Limited,PRECAM
Burnpur Cement Limited,BURNPUR
Greenlam Industries Limited,GREENLAM
Sutlej Textiles and Industries Limited,SUTLEJTEX
Gujarat Industries Power Company Limited,GIPCL
Indian Renewable Energy Development Agency Limited,IREDA
Thejo Engineering Limited,THEJO
Lotus Eye Hospital and Institute Limited,LOTUSEYE
Ndr Auto Components Limited,NDRAUTO
Sundram Fasteners Limited,SUNDRMFAST
PVP Ventures Limited,PVP
Mangalam Global Enterprise Limited,MGEL
Digjam Limited,DIGJAMLMTD
Robust Hotels Limited,RHL
Mallcom (India) Limited,MALLCOM
Ind-Swift Laboratories Limited,INDSWFTLAB
Indo Rama Synthetics (India) Limited,INDORAMA
SEL Manufacturing Company Limited,SELMC
Aditya Birla Money Limited,BIRLAMONEY
RITES Limited,RITES
Madhucon Projects Limited,MADHUCON
One 97 Communications Limited,PAYTM
Bodhi Tree Multimedia Limited,BTML
Karur Vysya Bank Limited,KARURVYSYA
Vascon Engineers Limited,VASCONEQ
Jindal Cotex Limited,JINDCOT
Hubtown Limited,HUBTOWN
ADF Foods Limited,ADFFOODS
Gujarat Raffia Industries Limited,GUJRAFFIA
Hemisphere Properties India Limited,HEMIPROP
PTC India Financial Services Limited,PFS
Ramco Systems Limited,RAMCOSYS
Orissa Bengal Carrier Limited,OBCL
Global Education Limited,GLOBAL
NDL Ventures Limited,NDLVENTURE
Arman Financial Services Limited,ARMANFIN
TCNS Clothing Co. Limited,TCNSBRANDS
Metalyst Forgings Limited,METALFORGE
Techno Electric & Engineering Company Limited,TECHNOE
Coromandel International Limited,COROMANDEL
Vinny Overseas Limited,VINNY
Sharon Bio-Medicine Limited,SHARONBIO
Orchid Pharma Limited,ORCHPHARMA
Maharashtra Scooters Limited,MAHSCOOTER
Spencer's Retail Limited,SPENCERS
OnMobile Global Limited,ONMOBILE
MMP Industries Limited,MMP
Central Bank of India,CENTRALBK
TTK Prestige Limited,TTKPRESTIG
SKIL Infrastructure Limited,SKIL
Shanthi Gears Limited,SHANTIGEAR
Thomas Cook  (India)  Limited,THOMASCOOK
Starteck Finance Limited,STARTECK
Dharani Sugars & Chemicals Limited,DHARSUGAR
Ponni Sugars (Erode) Limited,PONNIERODE
The Ugar Sugar Works Limited,UGARSUGAR
Rico Auto Industries Limited,RICOAUTO
HMT Limited,HMT
Airan Limited,AIRAN
Associated Alcohols & Breweries Ltd.,ASALCBR
Kirloskar Brothers Limited,KIRLOSBROS
Hindustan Copper Limited,HINDCOPPER
Blue Dart Express Limited,BLUEDART
Subex Limited,SUBEXLTD
JK Paper Limited,JKPAPER
Balmer Lawrie & Company Limited,BALMLAWRIE
Thirumalai Chemicals Limited,TIRUMALCHM
Divi's Laboratories Limited,DIVISLAB
Dynemic Products Limited,DYNPRO
R. S. Software (India) Limited,RSSOFTWARE
Indiabulls Housing Finance Limited,IBULHSGFIN
Varroc Engineering Limited,VARROC
Time Technoplast Limited,TIMETECHNO
Ankit Metal & Power Limited,ANKITMETAL
Esab India Limited,ESABINDIA
Universus Photo Imagings Limited,UNIVPHOTO
Omaxe Limited,OMAXE
Wonder Electricals Limited,WEL
Honda India Power Products Limited,HONDAPOWER
Godawari Power And Ispat limited,GPIL
Nitin Spinners Limited,NITINSPIN
Binani Industries Limited,BINANIIND
Manaksia Steels Limited,MANAKSTEEL
Precision Wires India Limited,PRECWIRE
Pfizer Limited,PFIZER
Varun Beverages Limited,VBL
Morarjee Textiles Limited,MORARJEE
Xchanging Solutions Limited,XCHANGING
VIP Clothing Limited,VIPCLOTHNG
Zensar Technologies Limited,ZENSARTECH
Pitti Engineering Limited,PITTIENG
Indo Thai Securities Limited,INDOTHAI
Biofil Chemicals & Pharmaceuticals Limited,BIOFILCHEM
Syngene International Limited,SYNGENE
Dish TV India Limited,DISHTV
Minda Corporation Limited,MINDACORP
MODISON LIMITED,MODISONLTD
Tata Motors Limited,TATAMOTORS
Rategain Travel Technologies Limited,RATEGAIN
Bandhan Bank Limited,BANDHANBNK
Ambika Cotton Mills Limited,AMBIKCO
SEPC Limited,SEPC
Infomedia Press Limited,INFOMEDIA
Sangam (India) Limited,SANGAMIND
Gateway Distriparks Limited,GATEWAY
Godha Cabcon & Insulation Limited,GODHA
PCBL LIMITED,PCBL
Selan Exploration Technology Limited,SELAN
Dhanuka Agritech Limited,DHANUKA
Prestige Estates Projects Limited,PRESTIGE
NOCIL Limited,NOCIL
Sampann Utpadan India Limited,SAMPANN
Mohota Industries Limited,MOHOTAIND
Pioneer Embroideries Limited,PIONEEREMB
Nahar Spinning Mills Limited,NAHARSPING
Info Edge (India) Limited,NAUKRI
Times Guaranty Limited,TIMESGTY
Sanghvi Movers Limited,SANGHVIMOV
Super Spinning Mills Limited,SUPERSPIN
Centum Electronics Limited,CENTUM
Mahalaxmi Rubtech Limited,MHLXMIRU
DCM Financial Services Limited,DCMFINSERV
Nazara Technologies Limited,NAZARA
Cambridge Technology Enterprises Limited,CTE
Fineotex Chemical Limited,FCL
Ruchi Infrastructure Limited,RUCHINFRA
Vedanta Limited,VEDL
Butterfly Gandhimathi Appliances Limited,BUTTERFLY
AKI India Limited,AKI
Ganesh Housing Corporation Limited,GANESHHOUC
South West Pinnacle Exploration Limited,SOUTHWEST
GM Breweries Limited,GMBREW
Tera Software Limited,TERASOFT
HB Stockholdings Limited,HBSL
Wealth First Portfolio Managers Limited,WEALTH
Firstsource Solutions Limited,FSL
Tainwala Chemical and Plastic (I) Limited,TAINWALCHM
Brand Concepts Limited,BCONCEPTS
Biocon Limited,BIOCON
Goenka Diamond and Jewels Limited,GOENKA
Worth Peripherals Limited,WORTH
V-Guard Industries Limited,VGUARD
Jaiprakash Power Ventures Limited,JPPOWER
Creative Eye Limited,CREATIVEYE
Home First Finance Company India Limited,HOMEFIRST
Astec LifeSciences Limited,ASTEC
Elgi Equipments Limited,ELGIEQUIP
VLS Finance Limited,VLSFINANCE
Geekay Wires Limited,GEEKAYWIRE
Cipla Limited,CIPLA
Nesco Limited,NESCO
Indowind Energy Limited,INDOWIND
Bombay Super Hybrid Seeds Limited,BSHSL
Texmo Pipes and Products Limited,TEXMOPIPES
Hikal Limited,HIKAL
Restaurant Brands Asia Limited,RBA
Indian Metals & Ferro Alloys Limited,IMFA
Manomay Tex India Limited,MANOMAY
BEML Land Assets Limited,BLAL
Fusion Micro Finance Limited,FUSION
Axita Cotton Limited,AXITA
Black Box Limited,BBOX
Vivimed Labs Limited,VIVIMEDLAB
Cubex Tubings Limited,CUBEXTUB
Banswara Syntex Limited,BANSWRAS
Grindwell Norton Limited,GRINDWELL
Simbhaoli Sugars Limited,SIMBHALS
Eveready Industries India Limited,EVEREADY
G-TEC JAINX EDUCATION LIMITED,GTECJAINX
V.S.T Tillers Tractors Limited,VSTTILLERS
Jindal Poly Investment and Finance Company Limited,JPOLYINVST
The State Trading Corporation of India Limited,STCINDIA
Indraprastha Gas Limited,IGL
Silgo Retail Limited,SILGO
Gillanders Arbuthnot & Company Limited,GILLANDERS
Century Plyboards (India) Limited,CENTURYPLY
HOV Services Limited,HOVS
Hindustan Construction Company Limited,HCC
Tips Films Limited,TIPSFILMS
Sirca Paints India Limited,SIRCA
Advani Hotels & Resorts (India) Limited,ADVANIHOTR
ISMT Limited,ISMTLTD
Lemon Tree Hotels Limited,LEMONTREE
Superhouse Limited,SUPERHOUSE
Spandana Sphoorty Financial Limited,SPANDANA
Housing & Urban Development Corporation Limited,HUDCO
Southern Petrochemicals Industries Corporation  Limited,SPIC
The Western India Plywoods Limited,WIPL
Aditya Birla Capital Limited,ABCAPITAL
Ashapura Minechem Limited,ASHAPURMIN
Oriental Carbon & Chemicals Limited,OCCL
Sportking India Limited,SPORTKING
FSN E-Commerce Ventures Limited,NYKAA
IFB Agro Industries Limited,IFBAGRO
Brigade Enterprises Limited,BRIGADE
TVS Electronics Limited,TVSELECT
NRB Industrial Bearings Limited,NIBL
Bang Overseas Limited,BANG
Mangalore Refinery and Petrochemicals Limited,MRPL
Modern Threads (India) Limited,MODTHREAD
CARE Ratings Limited,CARERATING
Sasken Technologies Limited,SASKEN
Suratwwala Business Group Limited,SBGLP
Faze Three Limited,FAZE3Q
Bodal Chemicals Limited,BODALCHEM
STEEL EXCHANGE INDIA LIMITED,STEELXIND
Alembic Limited,ALEMBICLTD
Vipul Limited,VIPULLTD
Visu International Limited,VISUINTL
Shreyans Industries Limited,SHREYANIND
Coral India Finance & Housing Limited,CORALFINAC
EIH Associated Hotels Limited,EIHAHOTELS
Shankara Building Products Limited,SHANKARA
Crompton Greaves Consumer Electricals Limited,CROMPTON
Supreme Industries Limited,SUPREMEIND
Indian Card Clothing Company Limited,INDIANCARD
Intrasoft Technologies Limited,ISFT
DELPHI WORLD MONEY LIMITED,DELPHIFX
Vishnu Chemicals Limited,VISHNU
Yaari Digital Integrated Services Limited,YAARI
Dhunseri Tea & Industries Limited,DTIL
OCL Iron and Steel Limited,OISL
Nagreeka Capital & Infrastructure Limited,NAGREEKCAP
Aurum PropTech Limited,AURUM
Tasty Bite Eatables Limited,TASTYBITE
Relaxo Footwears Limited,RELAXO
Balrampur Chini Mills Limited,BALRAMCHIN
Keystone Realtors Limited,RUSTOMJEE
PG Electroplast Limited,PGEL
KDDL Limited,KDDL
Murudeshwar Ceramics Limited,MURUDCERA
Foseco India Limited,FOSECOIND
Manaksia Limited,MANAKSIA
SHREE CEMENT LIMITED,SHREECEM
One Point One Solutions Limited,ONEPOINT
Hercules Hoists Limited,HERCULES
TGB Banquets And Hotels Limited,TGBHOTELS
Valiant Laboratories Limited,VALIANTLAB
Voltamp Transformers Limited,VOLTAMP
Bajaj Auto Limited,BAJAJ-AUTO
Morepen Laboratories Limited,MOREPENLAB
Kakatiya Cement Sugar & Industries Limited,KAKATCEM
Agro Tech Foods Limited,ATFL
Engineers India Limited,ENGINERSIN
Nitin Fire Protection Industries Limited,NITINFIRE
Weizmann Limited,WEIZMANIND
Aspinwall and Company Limited,ASPINWALL
Zuari Agro Chemicals Limited,ZUARI
Ajmera Realty & Infra India Limited,AJMERA
India Infrastructure Finance Company Limited,IIFCL
Repro India Limited,REPRO
Voltas Limited,VOLTAS
ATLANTAA LIMITED,ATLANTAA
Sambhaav Media Limited,SAMBHAAV
Aurobindo Pharma Limited,AUROPHARMA
Pritish Nandy Communications Limited,PNC
Alkyl Amines Chemicals Limited,ALKYLAMINE
Atlas Cycles (Haryana) Limited,ATLASCYCLE
Arvind Fashions Limited,ARVINDFASN
Indoco Remedies Limited,INDOCO
Shiva Texyarn Limited,SHIVATEX
Madras Fertilizers Limited,MADRASFERT
Indian Bank,INDIANB
Devyani International Limited,DEVYANI
Raymond Limited,RAYMOND
EPL Limited,EPL
MAS Financial Services Limited,MASFIN
Punjab & Sind Bank,PSB
Exxaro Tiles Limited,EXXARO
Siti Networks Limited,SITINET
Kesoram Industries Limited,KESORAMIND
Vikas EcoTech Limited,VIKASECO
Mittal Life Style Limited,MITTAL
Subros Limited,SUBROS
Fine Organic Industries Limited,FINEORG
Niraj Cement Structurals Limited,NIRAJ
Race Eco Chain Limited,RACE
Aaa Technologies Limited,AAATECH
Strides Pharma Science Limited,STAR
Mahanagar Gas Limited,MGL
Ksb Limited,KSB
Noida Toll Bridge Company Limited,NOIDATOLL
K.P.R. Mill Limited,KPRMILL
Havells India Limited,HAVELLS
Equippp Social Impact Technologies Limited,EQUIPPP
Tata Communications Limited,TATACOMM
Bosch Limited,BOSCHLTD
Affle (India) Limited,AFFLE
Sarda Energy & Minerals Limited,SARDAEN
Kabra Extrusion Technik Limited,KABRAEXTRU
Kothari Sugars And Chemicals Limited,KOTARISUG
Foods & Inns Limited,FOODSIN
Sterling and Wilson Renewable Energy Limited,SWSOLAR
RattanIndia Enterprises Limited,RTNINDIA
Sigachi Industries Limited,SIGACHI
Bannari Amman Sugars Limited,BANARISUG
GMR Airports Infrastructure Limited,GMRINFRA
GNA Axles Limited,GNA
Digicontent Limited,DGCONTENT
Allcargo Gati Limited,ACLGATI
Rallis India Limited,RALLIS
Apar Industries Limited,APARINDS
Transwarranty Finance Limited,TFL
Savita Oil Technologies Limited,SOTL
Electrotherm (India) Limited,ELECTHERM
Emkay Global Financial Services Limited,EMKAY
Metropolis Healthcare Limited,METROPOLIS
Union Bank of India,UNIONBANK
DS Kulkarni Developers Limited,DSKULKARNI
Igarashi Motors India Limited,IGARASHI
Mahindra Lifespace Developers Limited,MAHLIFE
IVRCL Limited,IVRCLINFRA
Ujjivan Financial Services Limited,UJJIVAN
B. L. Kashyap and Sons Limited,BLKASHYAP
Apollo Pipes Limited,APOLLOPIPE
Mishra Dhatu Nigam Limited,MIDHANI
Satin Creditcare Network Limited,SATIN
Action Construction Equipment Limited,ACE
BIRLASOFT LIMITED,BSOFT
Patel Engineering Limited,PATELENG
Kanani Industries Limited,KANANIIND
Jindal Saw Limited,JINDALSAW
ROUTE MOBILE LIMITED,ROUTE
Medico Remedies Limited,MEDICO
Global Surfaces Limited,GSLSU
Indo Borax & Chemicals Limited,INDOBORAX
Kansai Nerolac Paints Limited,KANSAINER
Panache Digilife Limited,PANACHE
Megasoft Limited,MEGASOFT
Kokuyo Camlin Limited,KOKUYOCMLN
Arihant Capital Markets Limited,ARIHANTCAP
Manali Petrochemicals Limited,MANALIPETC
Sheela Foam Limited,SFL
Nath Bio-Genes (India) Limited,NATHBIOGEN
J.Kumar Infraprojects Limited,JKIL
Pix Transmissions Limited,PIXTRANS
Rain Industries Limited,RAIN
BALAXI PHARMACEUTICALS LIMITED,BALAXI
Gokaldas Exports Limited,GOKEX
Oil & Natural Gas Corporation Limited,ONGC
BSL Limited,BSL
Balaji Telefilms Limited,BALAJITELE
Cerebra Integrated Technologies Limited,CEREBRAINT
India Tourism Development Corporation Limited,ITDC
Rajdarshan Industries Limited,ARENTERP
Five-Star Business Finance Limited,FIVESTAR
Procter & Gamble Health Limited,PGHL
Supreme Petrochem Limited,SPLPETRO
Sanwaria Consumer Limited,SANWARIA
Lumax Auto Technologies Limited,LUMAXTECH
TD Power Systems Limited,TDPOWERSYS
Career Point Limited,CAREERP
Jet Airways (India) Limited,JETAIRWAYS
Welspun Enterprises Limited,WELENT
Bharat Rasayan Limited,BHARATRAS
Munjal Showa Limited,MUNJALSHOW
Cholamandalam Financial Holdings Limited,CHOLAHLDNG
Mastek Limited,MASTEK
Chaman Lal Setia Exports Limited,CLSEL
Harsha Engineers International Limited,HARSHA
State Bank of India,SBIN
PSP Projects Limited,PSPPROJECT
Tata Teleservices (Maharashtra) Limited,TTML
Optiemus Infracom Limited,OPTIEMUS
Arrow Greentech Limited,ARROWGREEN
Dynamatic Technologies Limited,DYNAMATECH
CESC Limited,CESC
Pokarna Limited,POKARNA
Apex Frozen Foods Limited,APEX
Bombay Dyeing & Mfg Company Limited,BOMDYEING
Power Finance Corporation Limited,PFC
Prakash Pipes Limited,PPL
Rane Engine Valve Limited,RANEENGINE
Tata Steel Limited,TATASTEEL
Kopran Limited,KOPRAN
Lypsa Gems & Jewellery Limited,LYPSAGEMS
Manorama Industries Limited,MANORAMA
Medicamen Biotech Limited,MEDICAMEQ
Khaitan (India) Limited,KHAITANLTD
Kalyan Jewellers India Limited,KALYANKJIL
Man Industries (India) Limited,MANINDS
Ducon Infratechnologies Limited,DUCON
Madhya Bharat Agro Products Limited,MBAPL
Lokesh Machines Limited,LOKESHMACH
Lorenzini Apparels Limited,LAL
Jagsonpal Pharmaceuticals Limited,JAGSNPHARM
Arihant Superstructures Limited,ARIHANTSUP
Rollatainers Limited,ROLLT
Setco Automotive Limited,SETCO
National Aluminium Company Limited,NATIONALUM
PIL ITALICA LIFESTYLE LIMITED,PILITA
Magnum Ventures Limited,MAGNUM
Monte Carlo Fashions Limited,MONTECARLO
Triveni Engineering & Industries Limited,TRIVENI
Tata Chemicals Limited,TATACHEM
Excel Realty N Infra Limited,EXCEL
Petronet LNG Limited,PETRONET
Bank of India,BANKINDIA
IFGL Refractories Limited,IFGLEXPOR
Ahlada Engineers Limited,AHLADA
Jash Engineering Limited,JASH
The Sandesh Limited,SANDESH
Nagreeka Exports Limited,NAGREEKEXP
HP Adhesives Limited,HPAL
Archidply Industries Limited,ARCHIDPLY
Chemplast Sanmar Limited,CHEMPLASTS
Alkem Laboratories Limited,ALKEM
Unichem Laboratories Limited,UNICHEMLAB
20 Microns Limited,20MICRONS
Kolte - Patil Developers Limited,KOLTEPATIL
Ramco Industries Limited,RAMCOIND
Dev Information Technology Limited,DEVIT
Delta Manufacturing Limited,DELTAMAGNT
HeidelbergCement India Limited,HEIDELBERG
SML Isuzu Limited,SMLISUZU
JK Tyre & Industries Limited,JKTYRE
Page Industries Limited,PAGEIND
Ganges Securities Limited,GANGESSECU
Intense Technologies Limited,INTENTECH
Poonawalla Fincorp Limited,POONAWALLA
D-Link (India) Limited,DLINKINDIA
Tijaria Polypipes Limited,TIJARIA
D P Wires Limited,DPWIRES
Heranba Industries Limited,HERANBA
Sah Polymers Limited,SAH
IVP Limited,IVP
SRF Limited,SRF
India Nippon Electricals Limited,INDNIPPON
Swan Energy Limited,SWANENERGY
Dhanlaxmi Bank Limited,DHANBANK
Indigo Paints Limited,INDIGOPNTS
Cinevista Limited,CINEVISTA
LT Foods Limited,LTFOODS
A2Z Infra Engineering Limited,A2ZINFRA
Fiberweb (India) Limited,FIBERWEB
Visaka Industries Limited,VISAKAIND
Ingersoll Rand (India) Limited,INGERRAND
The Great Eastern Shipping Company Limited,GESHIP
PTL Enterprises Limited,PTL
Madhav Copper Limited,MCL
Sejal Glass Limited,SEJALLTD
Xelpmoc Design And Tech Limited,XELPMOC
PC Jeweller Limited,PCJEWELLER
JIK Industries Limited,JIKIND
Shree Ram Proteins Limited,SRPL
Newgen Software Technologies Limited,NEWGEN
InterGlobe Aviation Limited,INDIGO
Gufic Biosciences Limited,GUFICBIO
ABM International Limited,ABMINTLLTD
La Opala RG Limited,LAOPALA
Genus Paper & Boards Limited,GENUSPAPER
Huhtamaki India Limited,HUHTAMAKI
Garware Hi-Tech Films Limited,GRWRHITECH
Oriental Trimex Limited,ORIENTALTL
Asian Hotels (North) Limited,ASIANHOTNR
Consolidated Finvest & Holdings Limited,CONSOFINVT
Radhika Jeweltech Limited,RADHIKAJWE
3i Infotech Limited,3IINFOLTD
L&T Technology Services Limited,LTTS
ITC Limited,ITC
Vardhman Textiles Limited,VTL
Windsor Machines Limited,WINDMACHIN
Zydus Wellness Limited,ZYDUSWELL
Delhivery Limited,DELHIVERY
Mayur Uniquoters Ltd,MAYURUNIQ
HLV LIMITED,HLVLTD
Genesys International Corporation Limited,GENESYS
PVR INOX Limited,PVRINOX
Talbros Automotive Components Limited,TALBROAUTO
Shiva Mills Limited,SHIVAMILLS
Solara Active Pharma Sciences Limited,SOLARA
Privi Speciality Chemicals Limited,PRIVISCL
Prataap Snacks Limited,DIAMONDYD
Tarmat Limited,TARMAT
Bank of Maharashtra,MAHABANK
Uttam Sugar Mills Limited,UTTAMSUGAR
Bajaj Holdings & Investment Limited,BAJAJHLDNG
IIFL Finance Limited,IIFL
S. P. Apparels Limited,SPAL
Rail Vikas Nigam Limited,RVNL
Take Solutions Limited,TAKE
Piramal Pharma Limited,PPLPHARMA
Tata Power Company Limited,TATAPOWER
Easy Trip Planners Limited,EASEMYTRIP
GRP Limited,GRPLTD
HT Media Limited,HTMEDIA
ICRA Limited,ICRA
Ram Ratna Wires Limited,RAMRAT
Sunteck Realty Limited,SUNTECK
UNO Minda Limited,UNOMINDA
Kothari Petrochemicals Limited,KOTHARIPET
Maheshwari Logistics Limited,MAHESHWARI
Poddar Housing and Development Limited,PODDARHOUS
Bajaj Electricals Limited,BAJAJELEC
Sastasundar Ventures Limited,SASTASUNDR
PNB Gilts Limited,PNBGILTS
CREDITACCESS GRAMEEN LIMITED,CREDITACC
Jayant Agro Organics Limited,JAYAGROGN
Reliance Chemotex Industries Limited,RELCHEMQ
NTPC Limited,NTPC
RHI MAGNESITA INDIA LIMITED,RHIM
NINtec Systems Limited,NINSYS
Shree Renuka Sugars Limited,RENUKA
DCM Shriram Limited,DCMSHRIRAM
Jayaswal Neco Industries Limited,JAYNECOIND
Can Fin Homes Limited,CANFINHOME
Capacit'e Infraprojects Limited,CAPACITE
Insecticides (India) Limited,INSECTICID
Suumaya Industries Limited,SUULD
Brooks Laboratories Limited,BROOKS
Sagar Cements Limited,SAGCEM
Apollo Hospitals Enterprise Limited,APOLLOHOSP
LGB Forge Limited,LGBFORGE
Muthoot Capital Services Limited,MUTHOOTCAP
Jagran Prakashan Limited,JAGRAN
Kamat Hotels (I) Limited,KAMATHOTEL
Fortis Healthcare Limited,FORTIS
IFCI Limited,IFCI
Zee Media Corporation Limited,ZEEMEDIA
Likhitha Infrastructure Limited,LIKHITHA
CG Power and Industrial Solutions Limited,CGPOWER
Cords Cable Industries Limited,CORDSCABLE
Hind Rectifiers Limited,HIRECT
Arvee Laboratories (India) Limited,ARVEE
Priti International Limited,PRITI
Osia Hyper Retail Limited,OSIAHYPER
Spacenet Enterprises India Limited,SPCENET
Mahindra Logistics Limited,MAHLOG
Sonata Software Limited,SONATSOFTW
Navkar Corporation Limited,NAVKARCORP
Alps Industries Limited,ALPSINDUS
Aro Granite Industries Limited,AROGRANITE
Salzer Electronics Limited,SALZERELEC
Kaveri Seed Company Limited,KSCL
Niraj Ispat Industries Limited,NIRAJISPAT
Cera Sanitaryware Limited,CERA
Alphageo (India) Limited,ALPHAGEO
Rane Brake Lining Limited,RBL
Bafna Pharmaceuticals Limited,BAFNAPH
KNR Constructions Limited,KNRCON
Seya Industries Limited,SEYAIND
Allsec Technologies Limited,ALLSEC
Cholamandalam Investment and Finance Company Limited,CHOLAFIN
Garware Technical Fibres Limited,GARFIBRES
Coal India Limited,COALINDIA
CSB Bank Limited,CSBBANK
Hindustan Motors Limited,HINDMOTORS
Hindustan Oil Exploration Company Limited,HINDOILEXP
Ritco Logistics Limited,RITCO
Divgi Torqtransfer Systems Limited,DIVGIITTS
Asahi Songwon Colors Limited,ASAHISONG
Gujarat Ambuja Exports Limited,GAEL
HBL Power Systems Limited,HBLPOWER
GPT Infraprojects Limited,GPTINFRA
Mangalam Organics Limited,MANORG
Nakoda Group of Industries Limited,NGIL
CMS Info Systems Limited,CMSINFO
360 ONE WAM LIMITED,360ONE
Oil Country Tubular Limited,OILCOUNTUB
Bharat Forge Limited,BHARATFORG
Praxis Home Retail Limited,PRAXIS
DIC India Limited,DICIND
Colgate Palmolive (India) Limited,COLPAL
Menon Bearings Limited,MENONBE
GVP Infotech Limited,GVPTECH
Ind-Swift Limited,INDSWFTLTD
Nureca Limited,NURECA
Impex Ferro Tech Limited,IMPEXFERRO
Neogen Chemicals Limited,NEOGEN
The Byke Hospitality Ltd,BYKE
S H Kelkar and Company Limited,SHK
Natco Pharma Limited,NATCOPHARM
Oberoi Realty Limited,OBEROIRLTY
Lux Industries Limited,LUXIND
Rupa & Company Limited,RUPA
Shekhawati Poly-Yarn Limited,SPYL
Speciality Restaurants Limited,SPECIALITY
Coforge Limited,COFORGE
Steel Strips Wheels Limited,SSWL
Parsvnath Developers Limited,PARSVNATH
OM INFRA LIMITED,OMINFRAL
Bajaj Finance Limited,BAJFINANCE
Cyient Limited,CYIENT
Amit Spinning Industries Limited,ASIL
Banka BioLoo Limited,BANKA
Arvind SmartSpaces Limited,ARVSMART
DCM Shriram Industries Limited,DCMSRIND
RPSG VENTURES LIMITED,RPSGVENT
Prakash Industries Limited,PRAKASH
SMS Pharmaceuticals Limited,SMSPHARMA
Dolphin Offshore Enterprises (India) Limited,DOLPHINOFF
The Tinplate Company of India Limited,TINPLATE
Dhampur Bio Organics Limited,DBOL
Bajaj Healthcare Limited,BAJAJHCARE
Globe Textiles (India) Limited,GLOBE
Jupiter Wagons Limited,JWL
Gland Pharma Limited,GLAND
IFB Industries Limited,IFBIND
Mahanagar Telephone Nigam Limited,MTNL
Modi Rubber Limited,MODIRUBBER
Tracxn Technologies Limited,TRACXN
Avanti Feeds Limited,AVANTIFEED
Aarti Pharmalabs Limited,AARTIPHARM
Silver Touch Technologies Limited,SILVERTUC
Transformers And Rectifiers (India) Limited,TRIL
Inventure Growth & Securities Limited,INVENTURE
Cheviot Company Limited,CHEVIOT
GSS Infotech Limited,GSS
SONAM LIMITED,SONAMLTD
Deccan Cements Limited,DECCANCE
Craftsman Automation Limited,CRAFTSMAN
Servotech Power Systems Limited,SERVOTECH
Himadri Speciality Chemical Limited,HSCL
Shrenik Limited,SHRENIK
Rossell India Limited,ROSSELLIND
Energy Development Company Limited,ENERGYDEV
Heubach Colorants India Limited,HEUBACHIND
Antony Waste Handling Cell Limited,AWHCL
Sheetal Cool Products Limited,SCPL
C.E. Info Systems Limited,MAPMYINDIA
Godrej Consumer Products Limited,GODREJCP
Mcleod Russel India Limited,MCLEODRUSS
JB Chemicals & Pharmaceuticals Limited,JBCHEPHARM
Globus Spirits Limited,GLOBUSSPR
Bharat Bijlee Limited,BBL
FCS Software Solutions Limited,FCSSOFT
Ace Integrated Solutions Limited,ACEINTEG
Suvidhaa Infoserve Limited,SUVIDHAA
Rajshree Sugars & Chemicals Limited,RAJSREESUG
Sequent Scientific Limited,SEQUENT
Hatsun Agro Product Limited,HATSUN
Adani Wilmar Limited,AWL
D. P. Abhushan Limited,DPABHUSHAN
Hisar Metal Industries Limited,HISARMETAL
Usha Martin Limited,USHAMART
GTL Limited,GTL
Ganga Forging Limited,GANGAFORGE
Shriram Finance Limited,SHRIRAMFIN
Genus Power Infrastructures Limited,GENUSPOWER
Gabriel India Limited,GABRIEL
Prince Pipes And Fittings Limited,PRINCEPIPE
Surana Solar Limited,SURANASOL
MSP Steel & Power Limited,MSPL
TV18 Broadcast Limited,TV18BRDCST
Reliance Industries Limited,RELIANCE
Narmada Agrobase Limited,NARMADA
Kirloskar Industries Limited,KIRLOSIND
DCM  Limited,DCM
Ador Welding Limited,ADORWELD
DCB Bank Limited,DCBBANK
Thomas Scott (India) Limited,THOMASCOTT
KIOCL Limited,KIOCL
D B Realty Limited,DBREALTY
Endurance Technologies Limited,ENDURANCE
Gujarat Alkalies and Chemicals Limited,GUJALKALI
DPSC Limited,DPSCLTD
Century Extrusions Limited,CENTEXT
Fino Payments Bank Limited,FINOPB
Ahluwalia Contracts (India) Limited,AHLUCONT
Puravankara Limited,PURVA
AMD Industries Limited,AMDIND
Alpa Laboratories Limited,ALPA
Birla Tyres Limited,BIRLATYRE
Capri Global Capital Limited,CGCL
Campus Activewear Limited,CAMPUS
Ruchira Papers Limited,RUCHIRA
Asian Paints Limited,ASIANPAINT
Suzlon Energy Limited,SUZLON
Indiamart Intermesh Limited,INDIAMART
GlaxoSmithKline Pharmaceuticals Limited,GLAXO
Blue Coast Hotels Limited,BLUECOAST
LIC Housing Finance Limited,LICHSGFIN
Teamlease Services Limited,TEAMLEASE
Nilkamal Limited,NILKAMAL
ATN International Limited,ATNINTER
NBCC (India) Limited,NBCC
Lambodhara Textiles Limited,LAMBODHARA
Shaily Engineering Plastics Limited,SHAILY
Udayshivakumar Infra Limited,USK
HIL Limited,HIL
Rane Holdings Limited,RANEHOLDIN
Vindhya Telelinks Limited,VINDHYATEL
DMCC SPECIALITY CHEMICALS LIMITED,DMCC
Parag Milk Foods Limited,PARAGMILK
Khadim India Limited,KHADIM
JSW Holdings Limited,JSWHL
Zota Health Care LImited,ZOTA
Sakar Healthcare Limited,SAKAR
Power Grid Corporation of India Limited,POWERGRID
Sintex Plastics Technology Limited,SPTL
Abhishek Corporation Limited,ABHISHEK
Gujarat Pipavav Port Limited,GPPL
Eastern Silk Industries Limited,EASTSILK
ICICI Securities Limited,ISEC
Macrotech Developers Limited,LODHA
Tatva Chintan Pharma Chem Limited,TATVA
Refex Industries Limited,REFEX
Procter & Gamble Hygiene and Health Care Limited,PGHH
Bharat Gears Limited,BHARATGEAR
Bikaji Foods International Limited,BIKAJI
Punjab National Bank,PNB
Hindcon Chemicals Limited,HINDCON
SPML Infra Limited,SPMLINFRA
Rolex Rings Limited,ROLEXRINGS
Cochin Shipyard Limited,COCHINSHIP
STL Global Limited,SGL
Kaushalya Infrastructure Development Corporation Limited,KAUSHALYA
MRF Limited,MRF
DRC Systems India Limited,DRCSYSTEMS
Aditya Birla Sun Life AMC Limited,ABSLAMC
Venus Pipes & Tubes Limited,VENUSPIPES
Rama Steel Tubes Limited,RAMASTEEL
SMC Global Securities Limited,SMCGLOBAL
HCL Infosystems Limited,HCL-INSYS
Kalpataru Projects International Limited,KPIL
Vikas Lifecare Limited,VIKASLIFE
GTPL Hathway Limited,GTPL
Valiant Organics Limited,VALIANTORG
Mahamaya Steel Industries Limited,MAHASTEEL
Cantabil Retail India Limited,CANTABIL
Bharat Heavy Electricals Limited,BHEL
Fiem Industries Limited,FIEMIND
Central Depository Services (India) Limited,CDSL
Infibeam Avenues Limited,INFIBEAM
Nectar Lifesciences Limited,NECLIFE
NACL Industries Limited,NACLIND
Ugro Capital Limited,UGROCAP
Quintegra Solutions Limited,QUINTEGRA
Moksh Ornaments Limited,MOKSH
Exide Industries Limited,EXIDEIND
Power & Instrumentation (Gujarat) Limited,PIGL
Sakuma Exports Limited,SAKUMA
3M India Limited,3MINDIA
D.B.Corp Limited,DBCORP
COSMO FIRST LIMITED,COSMOFIRST
Rana Sugars Limited,RANASUG
SMS Lifesciences India Limited,SMSLIFE
Prime Securities Limited,PRIMESECU
Trident Limited,TRIDENT
Ashiana Housing Limited,ASHIANA
Inox Wind Limited,INOXWIND
Amber Enterprises India Limited,AMBER
The South Indian Bank Limited,SOUTHBANK
Krishana Phoschem Limited,KRISHANA
VA Tech Wabag Limited,WABAG
Kalyani Steels Limited,KSL
Redington Limited,REDINGTON
SIL Investments Limited,SILINV
Man Infraconstruction Limited,MANINFRA
UPL Limited,UPL
Housing Development Finance Corporation Limited,HDFC
Zydus Lifesciences Limited,ZYDUSLIFE
Maithan Alloys Limited,MAITHANALL
Tantia Constructions Limited,TANTIACONS
Hindustan Composites Limited,HINDCOMPOS
Vertoz Advertising Limited,VERTOZ
Titan Company Limited,TITAN
Gravita India Limited,GRAVITA
Sanghi Industries Limited,SANGHIIND
Healthcare Global Enterprises Limited,HCG
Laxmi Organic Industries Limited,LXCHEM
Greenply Industries Limited,GREENPLY
Navin Fluorine International Limited,NAVINFLUOR
Suryalakshmi Cotton Mills Limited,SURYALAXMI
Kotak Mahindra Bank Limited,KOTAKBANK
PDS Limited,PDSL
Sadbhav Infrastructure Project Limited,SADBHIN
Ujjivan Small Finance Bank Limited,UJJIVANSFB
Shriram Properties Limited,SHRIRAMPPS
Fertilizers and Chemicals Travancore Limited,FACT
Aegis Logistics Limited,AEGISCHEM
Motilal Oswal Financial Services Limited,MOTILALOFS
Hindustan Aeronautics Limited,HAL
Country Condo's Limited,COUNCODOS
UTI Asset Management Company Limited,UTIAMC
Navneet Education Limited,NAVNETEDUL
Poddar Pigments Limited,PODDARMENT
GFL Limited,GFLLIMITED
Ansal Properties & Infrastructure Limited,ANSALAPI
ShreeOswal Seeds And Chemicals Limited,OSWALSEEDS
AksharChem India Limited,AKSHARCHEM
Anupam Rasayan India Limited,ANURAS
N R Agarwal Industries Limited,NRAIL
Maharashtra Seamless Limited,MAHSEAMLES
VST Industries Limited,VSTIND
Electronics Mart India Limited,EMIL
ARSS Infrastructure Projects Limited,ARSSINFRA
Siemens Limited,SIEMENS
Escorts Kubota Limited,ESCORTS
Deepak Nitrite Limited,DEEPAKNTR
Stel Holdings Limited,STEL
ITD Cementation India Limited,ITDCEM
Archidply Decor Limited,ADL
SKM Egg Products Export (India) Limited,SKMEGGPROD
Finolex Cables Limited,FINCABLES
Indo-National Limited,NIPPOBATRY
Tokyo Plast International Limited,TOKYOPLAST
Ircon International Limited,IRCON
Mahindra EPC Irrigation Limited,MAHEPC
Pearl Polymers Limited,PEARLPOLY
NELCO Limited,NELCO
Bhansali Engineering Polymers Limited,BEPL
BPL Limited,BPL
Indraprastha Medical Corporation Limited,INDRAMEDCO
Utkarsh Small Finance Bank Limited,UTKARSHBNK
CMI Limited,CMICABLES
Bombay Burmah Trading Corporation Limited,BBTC
Asahi India Glass Limited,ASAHIINDIA
JK Cement Limited,JKCEMENT
Kamdhenu Ventures Limited,KAMOPAINTS
S.A.L. Steel Limited,SALSTEEL
Summit Securities Limited,SUMMITSEC
Sat Industries Limited,SATINDLTD
Jindal Stainless Limited,JSL
Dhani Services Limited,DHANI
Iris Business Services Limited,IRIS
Ashima Limited,ASHIMASYN
Mazda Limited,MAZDA
Barbeque Nation Hospitality Limited,BARBEQUE
SIS LIMITED,SIS
Videocon Industries Limited,VIDEOIND
Sun Pharma Advanced Research Company Limited,SPARC
RKEC Projects Limited,RKEC
Eurotex Industries and Exports Limited,EUROTEXIND
Den Networks Limited,DEN
TIL Limited,TIL
Neuland Laboratories Limited,NEULANDLAB
RattanIndia Power Limited,RTNPOWER
Johnson Controls - Hitachi Air Conditioning India Limited,JCHAC
Shyam Century Ferrous Limited,SHYAMCENT
Welspun Living Limited,WELSPUNLIV
Indosolar Limited,INDOSOLAR
RBL Bank Limited,RBLBANK
Dr. Lal Path Labs Ltd.,LALPATHLAB
City Union Bank Limited,CUB
Borosil Limited,BOROLTD
Gujarat State Petronet Limited,GSPL
Sarthak Metals Limited,SMLT
Shyam Telecom Limited,SHYAMTEL
IRB Infrastructure Developers Limited,IRB
Astral Limited,ASTRAL
Bannari Amman Spinning Mills Limited,BASML
Aptech Limited,APTECHT
Simplex Infrastructures Limited,SIMPLEXINF
Housing Development and Infrastructure Limited,HDIL
Tata Technologies Limited,TATATECH
Whirlpool of India Limited,WHIRLPOOL
Peninsula Land Limited,PENINLAND
Mtar Technologies Limited,MTARTECH
Astra Microwave Products Limited,ASTRAMICRO
Poly Medicure Limited,POLYMED
Vardhman Holdings Limited,VHL
Eldeco Housing And Industries Limited,ELDEHSG
Jubilant Pharmova Limited,JUBLPHARMA
DCW Limited,DCW
Indo Tech Transformers Limited,INDOTECH
AYM Syntex Limited,AYMSYNTEX
Kritika Wires Limited,KRITIKA
AJR INFRA AND TOLLING LIMITED,AJRINFRA
Berger Paints (I) Limited,BERGEPAINT
Century Textiles & Industries Limited,CENTURYTEX
Sical Logistics Limited,SICAL
Gammon India Limited,GAMMONIND
Tamilnad Mercantile Bank Limited,TMB
Cyber Media (India) Limited,CYBERMEDIA
PI Industries Limited,PIIND
Abans Holdings Limited,AHL
Narayana Hrudayalaya Ltd.,NH
United Polyfab Gujarat Limited,UNITEDPOLY
Remsons Industries Limited,REMSONSIND
Max Ventures and Industries Limited,MAXVIL
KPI Green Energy Limited,KPIGREEN
Steel City Securities Limited,STEELCITY
Shalby Limited,SHALBY
Jtekt India Limited,JTEKTINDIA
Anmol India Limited,ANMOL
Autoline Industries Limited,AUTOIND
Gulf Oil Lubricants India Limited,GULFOILLUB
Roto Pumps Limited,ROTO
Swaraj Engines Limited,SWARAJENG
Sri Adhikari Brothers Television Network Limited,SABTN
Bajaj Hindusthan Sugar Limited,BAJAJHIND
Blue Chip India Limited,BLUECHIP
Amj Land Holdings Limited,AMJLAND
Ambuja Cements Limited,AMBUJACEM
Sree Rayalaseema Hi-Strength Hypo Limited,SRHHYPOLTD
Tourism Finance Corporation of India Limited,TFCILTD
ABB India Limited,ABB
Flexituff Ventures International Limited,FLEXITUFF
Elecon Engineering Company Limited,ELECON
MT Educare Limited,MTEDUCARE
Tembo Global Industries Limited,TEMBO
Automotive Stampings and Assemblies Limited,ASAL
Premier Limited,PREMIER
Ganesh Benzoplast Limited,GANESHBE
Focus Lighting and Fixtures Limited,FOCUS
Gujarat Mineral Development Corporation Limited,GMDCLTD
Aksh Optifibre Limited,AKSHOPTFBR
Laxmi Cotspin Limited,LAXMICOT
Nalwa Sons Investments Limited,NSIL
REC Limited,RECLTD
Setubandhan Infrastructure Limited,SETUINFRA
Sansera Engineering Limited,SANSERA
Hardwyn India Limited,HARDWYN
PB Fintech Limited,POLICYBZR
KSS Limited,KSERASERA
Rama Phosphates Limited,RAMAPHO
Premier Polyfilm Limited,PREMIERPOL
Epigral Limited,EPIGRAL
Brightcom Group Limited,BCG
Oracle Financial Services Software Limited,OFSS
Chambal Fertilizers & Chemicals Limited,CHAMBLFERT
Pudumjee Paper Products Limited,PDMJEPAPER
Dreamfolks Services Limited,DREAMFOLKS
Atul Auto Limited,ATULAUTO
Cupid Limited,CUPID
Taj GVK Hotels & Resorts Limited,TAJGVK
Avalon Technologies Limited,AVALON
Mawana Sugars Limited,MAWANASUG
Tech Mahindra Limited,TECHM
Inspirisys Solutions Limited,INSPIRISYS
Dangee Dums Limited,DANGEE
Power Mech Projects Limited,POWERMECH
Thermax Limited,THERMAX
India Glycols Limited,INDIAGLYCO
Dredging Corporation of India Limited,DREDGECORP
Dabur India Limited,DABUR
CSL Finance Limited,CSLFINANCE
Ganesha Ecosphere Limited,GANECOS
Garden Reach Shipbuilders & Engineers Limited,GRSE
Supreme Engineering Limited,SUPREMEENG
Just Dial Limited,JUSTDIAL
GOCL Corporation Limited,GOCLCORP
Imagicaaworld Entertainment Limited,IMAGICAA
Godrej Properties Limited,GODREJPROP
Cybertech Systems And Software Limited,CYBERTECH
Univa Foods Limited,UNIVAFOODS
Sumitomo Chemical India Limited,SUMICHEM
SEMAC CONSULTANTS LIMITED,SEMAC
Kitex Garments Limited,KITEX
Reliance Naval and Engineering Limited,RNAVAL
Universal Cables Limited,UNIVCABLES
Loyal Textile Mills Limited,LOYALTEX
VIP Industries Limited,VIPIND
Alicon Castalloy Limited,ALICON
Pritika Auto Industries Limited,PRITIKAUTO
Shradha Infraprojects Limited,SHRADHA
Linc Limited,LINC
MEP Infrastructure Developers Limited,MEP
Birla Cable Limited,BIRLACABLE
PTC India Limited,PTC
Nila Spaces Limited,NILASPACES
Sadhana Nitrochem Limited,SADHNANIQ
Prudent Corporate Advisory Services Limited,PRUDENT
SBC Exports Limited,SBC
NIIT Limited,NIITLTD
Total Transport Systems Limited,TOTAL
Kaya Limited,KAYA
Softtech Engineers Limited,SOFTTECH
Allcargo Logistics Limited,ALLCARGO
Max Healthcare Institute Limited,MAXHEALTH
IDFC First Bank Limited,IDFCFIRSTB
Walchandnagar Industries Limited,WALCHANNAG
Britannia Industries Limited,BRITANNIA
Sundaram Finance Limited,SUNDARMFIN
Shriram Pistons & Rings Limited,SHRIPISTON
Kriti Industries (India) Limited,KRITI
Akshar Spintex Limited,AKSHAR
Ambica Agarbathies & Aroma industries Limited,AMBICAAGAR
Sahyadri Industries Limited,SAHYADRI
Adani Enterprises Limited,ADANIENT
Mstc Limited,MSTCLTD
Ksolves India Limited,KSOLVES
Axis Bank Limited,AXISBANK
R.P.P. Infra Projects Limited,RPPINFRA
KRBL Limited,KRBL
Dilip Buildcon Limited,DBL
MOIL Limited,MOIL
Anant Raj Limited,ANANTRAJ
AstraZeneca Pharma India Limited,ASTRAZEN
Trent Limited,TRENT
Nupur Recyclers Limited,NRL
Repco Home Finance Limited,REPCOHOME
Global Vectra Helicorp Limited,GLOBALVECT
KEC International Limited,KEC
Gujarat Apollo Industries Limited,GUJAPOLLO
Tata Steel Long Products Limited,TATASTLLP
Aster DM Healthcare Limited,ASTERDM
Mahindra Holidays & Resorts India Limited,MHRIL
ZUARI INDUSTRIES LIMITED,ZUARIIND
Teamo Productions HQ Limited,TPHQ
Tide Water Oil Company (India) Limited,TIDEWATER
KCP Limited,KCP
Automotive Axles Limited,AUTOAXLES
Visesh Infotecnics Limited,VISESHINFO
Akzo Nobel India Limited,AKZOINDIA
Ethos Limited,ETHOSLTD
Zen Technologies Limited,ZENTEC
TTK Healthcare Limited,TTKHLTCARE
Munjal Auto Industries Limited,MUNJALAU
Kiri Industries Limited,KIRIINDUS
ANDHRA PAPER LIMITED,ANDHRAPAP
eClerx Services Limited,ECLERX
Iris Clothings Limited,IRISDOREME
Suven Life Sciences Limited,SUVEN
Visagar Polytex Limited,VIVIDHA
Sapphire Foods India Limited,SAPPHIRE
Sarveshwar Foods Limited,SARVESHWAR
Royal Orchid Hotels Limited,ROHLTD
Kshitij Polyline Limited,KSHITIJPOL
Creative Newtech Limited,CREATIVE
Nuvoco Vistas Corporation Limited,NUVOCO
The Phoenix Mills Limited,PHOENIXLTD
Expleo Solutions Limited,EXPLEOSOL
Vardhman Special Steels Limited,VSSL
UCAL LIMITED,UCAL
Ester Industries Limited,ESTER
De Nora India Limited,DENORA
Sreeleathers Limited,SREEL
Mukand Limited,MUKANDLTD
Kirloskar Pneumatic Company Limited,KIRLPNU
DSJ Keep Learning Limited,KEEPLEARN
Oriental Hotels Limited,ORIENTHOT
Glenmark Life Sciences Limited,GLS
Syrma SGS Technology Limited,SYRMA
Usha Martin Education & Solutions Limited,UMESLTD
Som Distilleries & Breweries Limited,SDBL
Gokul Agro Resources Limited,GOKULAGRO
Beardsell Limited,BEARDSELL
Texmaco Infrastructure & Holdings Limited,TEXINFRA
HLE Glascoat Limited,HLEGLAS
Surya Roshni Limited,SURYAROSNI
Accelya Solutions India Limited,ACCELYA
CIE Automotive India Limited,CIEINDIA
Ratnamani Metals & Tubes Limited,RATNAMANI
IIFL Securities Limited,IIFLSEC
Network18 Media & Investments Limited,NETWORK18
Birla Corporation Limited,BIRLACORPN
India Pesticides Limited,IPL
Lakshmi Machine Works Limited,LAXMIMACH
Goodluck India Limited,GOODLUCK
Ausom Enterprise Limited,AUSOMENT
Polycab India Limited,POLYCAB
H.G. Infra Engineering Limited,HGINFRA
Gandhi Special Tubes Limited,GANDHITUBE
Eimco Elecon (India) Limited,EIMCOELECO
Rainbow Childrens Medicare Limited,RAINBOW
Kothari Products Limited,KOTHARIPRO
Hexa Tradex Limited,HEXATRADEX
Essar Shipping Limited,ESSARSHPNG
Hitachi Energy India Limited,POWERINDIA
Finolex Industries Limited,FINPIPE
Rossari Biotech Limited,ROSSARI
NGL Fine-Chem Limited,NGLFINE
Agri-Tech (India) Limited,AGRITECH
GACM Technologies Limited,GATECH
Norben Tea & Exports Limited,NORBTEAEXP
Jubilant Industries Limited,JUBLINDS
Unitech Limited,UNITECH
Balkrishna Paper Mills Limited,BALKRISHNA
Arshiya Limited,ARSHIYA
Oil India Limited,OIL
Isgec Heavy Engineering Limited,ISGEC
CL Educate Limited,CLEDUCATE
Gujarat Fluorochemicals Limited,FLUOROCHEM
Tarsons Products Limited,TARSONS
EID Parry India Limited,EIDPARRY
Computer Age Management Services Limited,CAMS
Gulshan Polyols Limited,GULPOLY
Yuken India Limited,YUKEN
Shipping Corporation Of India Limited,SCI
IKIO Lighting Limited,IKIO
MRO-TEK Realty Limited,MRO-TEK
Vimta Labs Limited,VIMTALABS
Jain Irrigation Systems Limited,JISLDVREQS
HDFC Bank Limited,HDFCBANK
G R Infraprojects Limited,GRINFRA
Apcotex Industries Limited,APCOTEXIND
Manaksia Aluminium Company Limited,MANAKALUCO
The Federal Bank  Limited,FEDERALBNK
JSW Ispat Special Products Limited,JSWISPL
UCO Bank,UCOBANK
Salona Cotspin Limited,SALONA
Gallantt Ispat Limited,GALLANTT
Jain Irrigation Systems Limited,JISLJALEQS
Kalyani Forge Limited,KALYANIFRG
Artemis Medicare Services Limited,ARTEMISMED
Orient Bell Limited,ORIENTBELL
Shree Vasu Logistics Limited,SVLL
Macpower CNC Machines Limited,MACPOWER
Atcom Technologies Limited,ATCOM
Albert David Limited,ALBERTDAVD
Star Paper Mills Limited,STARPAPER
5Paisa Capital Limited,5PAISA
Apollo Sindoori Hotels Limited,APOLSINHOT
MPS Limited,MPSLTD
AXISCADES Technologies Limited,AXISCADES
Paradeep Phosphates Limited,PARADEEP
Aarti Industries Limited,AARTIIND
Eris Lifesciences Limited,ERIS
Pilani Investment and Industries Corporation Limited,PILANIINVS
Granules India Limited,GRANULES
GE Power India Limited,GEPIL
Indo Amines Limited,INDOAMIN
West Coast Paper Mills Limited,WSTCSTPAPR
BOROSIL RENEWABLES LIMITED,BORORENEW
Sri Havisha Hospitality and Infrastructure Limited,HAVISHA
Geojit Financial Services Limited,GEOJITFSL
Plastiblends India Limited,PLASTIBLEN
TVS Srichakra Limited,TVSSRICHAK
ION Exchange (India) Limited,IONEXCHANG
BEML Limited,BEML
Somi Conveyor Beltings Limited,SOMICONVEY
Country Club Hospitality & Holidays Limited,CCHHL
SREI Infrastructure Finance Limited,SREINFRA
Adani Ports and Special Economic Zone Limited,ADANIPORTS
Filatex India Limited,FILATEX
Anand Rathi Wealth Limited,ANANDRATHI
Prism Johnson Limited,PRSMJOHNSN
Grand Foundry Limited,GFSTEELS
TV Today Network Limited,TVTODAY
Kewal Kiran Clothing Limited,KKCL
Music Broadcast Limited,RADIOCITY
SPL Industries Limited,SPLIL
AVG Logistics Limited,AVG
AION-TECH SOLUTIONS LIMITED,GOLDTECH
Bohra Industries Limited,BOHRAIND
Datamatics Global Services Limited,DATAMATICS
IZMO Limited,IZMO
Rajratan Global Wire Limited,RAJRATAN
Kaynes Technology India Limited,KAYNES
TRF Limited,TRF
3P Land Holdings Limited,3PLAND
Vesuvius India Limited,VESUVIUS
Mankind Pharma Limited,MANKIND
JBF Industries Limited,JBFIND
Punjab Chemicals & Crop Protection Limited,PUNJABCHEM
Emami Limited,EMAMILTD
Viceroy Hotels Limited,VICEROY
Prime Focus Limited,PFOCUS
Responsive Industries Limited,RESPONIND
Agarwal Industrial Corporation Limited,AGARIND
SBI Cards and Payment Services Limited,SBICARD
Monarch Networth Capital Limited,MONARCH
Deepak Fertilizers and Petrochemicals Corporation Limited,DEEPAKFERT
Aarey Drugs & Pharmaceuticals Limited,AAREYDRUGS
Dalmia Bharat Sugar and Industries Limited,DALMIASUG
Bharat Road Network Limited,BRNL
Mask Investments Limited,MASKINVEST
Renaissance Global Limited,RGL
FDC Limited,FDC
Bharti Airtel Limited,BHARTIARTL
SecUR Credentials Limited,SECURCRED
Compucom Software Limited,COMPUSOFT
Snowman Logistics Limited,SNOWMAN
CARYSIL LIMITED,CARYSIL
EIH Limited,EIHOTEL
Patanjali Foods Limited,PATANJALI
JBM Auto Limited,JBMA
Ashoka Buildcon Limited,ASHOKA
Sintercom India Limited,SINTERCOM
Shree Pushkar Chemicals & Fertilisers Limited,SHREEPUSHK
Kingfa Science & Technology (India) Limited,KINGFA
Sunflag Iron And Steel Company Limited,SUNFLAG
Kirloskar Electric Company Limited,KECL
Sun TV Network Limited,SUNTV
Sanofi India Limited,SANOFI
Caplin Point Laboratories Limited,CAPLIPOINT
Hero MotoCorp Limited,HEROMOTOCO
Emmbi Industries Limited,EMMBI
R Systems International Limited,RSYSTEMS
Barak Valley Cements Limited,BVCL
Lupin Limited,LUPIN
Zim Laboratories Limited,ZIMLAB
Somany Ceramics Limited,SOMANYCERA
Gujarat Narmada Valley Fertilizers and Chemicals Limited,GNFC
HMA Agro Industries Limited,HMAAGRO
Lagnam Spintex Limited,LAGNAM
TVS Holdings Limited,TVSHLTD
United Drilling Tools Limited,UNIDT
